insert into branch values ('Downtown','Vancouver');
insert into branch values ('Midtown','Vancouver');
insert into branch values ('Downtown','Burnaby');
insert into branch values ('Midtown','Burnaby');
insert into branch values ('Downtown','Surrey');
insert into branch values ('Midtown','Surrey');

insert into vehicle_type values ('compact_electric','Air Conditioning',447,85,42,73,19,3,9);
insert into vehicle_type values ('suv_gas','Heated Seats',456,62,27,95,18,5,12);
insert into vehicle_type values ('midsize_hybrid','Bluetooth',473,52,44,58,18,4,15);
insert into vehicle_type values ('truck_gas','Cupholders',395,70,48,74,16,4,15);

insert into vehicle values (424571,'Saab',900,1999,'Maroon',223883,'available','compact_electric','Downtown','Vancouver');
insert into vehicle values (415992,'Kia','Sportage',1999,'Violet',164243,'available','compact_electric','Downtown','Vancouver');
insert into vehicle values (267363,'Toyota','Corolla',2003,'Fuscia',310460,'available','compact_electric','Downtown','Vancouver');
insert into vehicle values (345948,'Mercedes-Benz','M-Class',1998,'Red',266423,'available','compact_electric','Downtown','Vancouver');
insert into vehicle values (382112,'Mitsubishi','Chariot',1987,'Puce',371966,'available','compact_electric','Downtown','Vancouver');
insert into vehicle values (511551,'Lexus','LX',2004,'Violet',281644,'available','compact_electric','Downtown','Vancouver');
insert into vehicle values (359996,'Nissan','Sentra',2004,'Pink',383021,'available','compact_electric','Downtown','Vancouver');
insert into vehicle values (669254,'Nissan','Pathfinder Armada',2004,'Fuscia',158574,'available','compact_electric','Downtown','Vancouver');
insert into vehicle values (882334,'Lincoln','Town Car',2002,'Orange',34162,'available','compact_electric','Downtown','Vancouver');
insert into vehicle values (447545,'Mercedes-Benz','SLK-Class',2011,'Green',22935,'available','compact_electric','Downtown','Vancouver');
insert into vehicle values (929652,'Ford','Excursion',2005,'Turquoise',259236,'available','compact_electric','Downtown','Vancouver');
insert into vehicle values (510303,'Mercedes-Benz','400SEL',1993,'Turquoise',109466,'available','compact_electric','Downtown','Vancouver');
insert into vehicle values (799951,'Ford','Edge',2011,'Goldenrod',381237,'available','compact_electric','Downtown','Vancouver');
insert into vehicle values (445221,'Buick','Skylark',1998,'Red',71130,'available','compact_electric','Downtown','Vancouver');
insert into vehicle values (446333,'Chrysler','LHS',2001,'Goldenrod',323985,'available','compact_electric','Downtown','Vancouver');
insert into vehicle values (435462,'BMW',530,2001,'Yellow',175025,'available','compact_electric','Downtown','Vancouver');
insert into vehicle values (580469,'Dodge','Ram 3500',2004,'Orange',155025,'available','compact_electric','Downtown','Vancouver');
insert into vehicle values (643643,'GMC','Canyon',2009,'Orange',352216,'available','compact_electric','Downtown','Vancouver');
insert into vehicle values (787044,'Mercury','Sable',1992,'Puce',214136,'available','compact_electric','Downtown','Vancouver');
insert into vehicle values (533425,'GMC','Savana 3500',2007,'Purple',263113,'available','suv_gas','Downtown','Vancouver');
insert into vehicle values (422145,'Buick','Century',1987,'Khaki',100862,'available','suv_gas','Downtown','Vancouver');
insert into vehicle values (381097,'Acura','NSX',2001,'Puce',150761,'available','suv_gas','Downtown','Vancouver');
insert into vehicle values (542824,'Chevrolet','Express 3500',1999,'Violet',51051,'available','suv_gas','Downtown','Vancouver');
insert into vehicle values (189566,'Volvo','S80',2011,'Goldenrod',145959,'available','suv_gas','Midtown','Vancouver');
insert into vehicle values (813410,'Mercury','Monterey',2005,'Yellow',198381,'available','suv_gas','Midtown','Vancouver');
insert into vehicle values (948935,'Nissan','370Z',2011,'Turquoise',334216,'available','suv_gas','Midtown','Vancouver');
insert into vehicle values (473655,'Ford','LTD Crown Victoria',1990,'Violet',18785,'available','suv_gas','Midtown','Vancouver');
insert into vehicle values (402106,'Suzuki','Swift',1999,'Violet',227159,'available','suv_gas','Midtown','Vancouver');
insert into vehicle values (327354,'Saab',43713,2006,'Crimson',451764,'available','suv_gas','Midtown','Vancouver');
insert into vehicle values (817761,'Mazda','MX-5',1992,'Crimson',132858,'available','suv_gas','Midtown','Vancouver');
insert into vehicle values (557775,'Volvo','S60',2005,'Indigo',224555,'available','suv_gas','Midtown','Vancouver');
insert into vehicle values (255145,'Lincoln','Continental',1986,'Purple',269188,'available','suv_gas','Midtown','Vancouver');
insert into vehicle values (405697,'Dodge','Ram Van 1500',2000,'Teal',442863,'available','suv_gas','Midtown','Vancouver');
insert into vehicle values (695275,'Mitsubishi','Truck',1996,'Khaki',467881,'available','suv_gas','Midtown','Vancouver');
insert into vehicle values (591424,'Suzuki','Sidekick',1998,'Mauv',61874,'available','suv_gas','Midtown','Vancouver');
insert into vehicle values (687134,'Acura','ZDX',2010,'Crimson',428590,'available','suv_gas','Midtown','Vancouver');
insert into vehicle values (116863,'Lexus','SC',2002,'Aquamarine',455898,'available','suv_gas','Midtown','Vancouver');
insert into vehicle values (666948,'Buick','Skylark',1995,'Red',10820,'available','suv_gas','Midtown','Vancouver');
insert into vehicle values (908466,'Toyota','Camry',2006,'Maroon',283269,'available','suv_gas','Midtown','Vancouver');
insert into vehicle values (300817,'BMW','6 Series',2006,'Purple',467147,'available','suv_gas','Midtown','Vancouver');
insert into vehicle values (121307,'Ford','Taurus',2010,'Yellow',25273,'available','suv_gas','Midtown','Vancouver');
insert into vehicle values (230979,'Toyota','4Runner',2000,'Aquamarine',69455,'available','suv_gas','Midtown','Vancouver');
insert into vehicle values (437656,'Mercury','Mountaineer',2010,'Khaki',438272,'available','suv_gas','Midtown','Vancouver');
insert into vehicle values (708385,'Saab',43711,2008,'Purple',278319,'available','suv_gas','Midtown','Vancouver');
insert into vehicle values (908656,'Infiniti','EX',2012,'Mauv',449851,'available','suv_gas','Midtown','Vancouver');
insert into vehicle values (631965,'Studebaker','Avanti',1964,'Red',14988,'available','suv_gas','Midtown','Vancouver');
insert into vehicle values (787896,'Mazda','Miata MX-5',2012,'Green',102048,'available','suv_gas','Midtown','Vancouver');
insert into vehicle values (490057,'Chevrolet','Silverado 3500',2008,'Blue',265492,'available','suv_gas','Midtown','Vancouver');
insert into vehicle values (177483,'GMC','Yukon',2008,'Fuscia',133699,'available','midsize_hybrid','Midtown','Vancouver');
insert into vehicle values (311069,'Ford','F150',2006,'Yellow',45053,'available','midsize_hybrid','Midtown','Vancouver');
insert into vehicle values (278888,'Mazda','B-Series',1998,'Blue',32953,'available','midsize_hybrid','Midtown','Vancouver');
insert into vehicle values (278186,'Ferrari','430 Scuderia',2008,'Maroon',279923,'available','midsize_hybrid','Midtown','Vancouver');
insert into vehicle values (748448,'Volkswagen','Golf',2000,'Indigo',253019,'available','midsize_hybrid','Midtown','Vancouver');
insert into vehicle values (278490,'Ford','F150',2002,'Blue',175229,'available','midsize_hybrid','Midtown','Vancouver');
insert into vehicle values (378608,'Porsche',944,1989,'Aquamarine',418442,'available','midsize_hybrid','Midtown','Vancouver');
insert into vehicle values (475066,'Subaru','Tribeca',2012,'Crimson',315681,'available','midsize_hybrid','Midtown','Vancouver');
insert into vehicle values (298067,'Honda','Accord',2009,'Puce',407266,'available','midsize_hybrid','Downtown','Surrey');
insert into vehicle values (883764,'Volvo','C30',2013,'Violet',5728,'available','midsize_hybrid','Downtown','Surrey');
insert into vehicle values (382611,'Kia','Carens',2008,'Indigo',435341,'available','midsize_hybrid','Downtown','Surrey');
insert into vehicle values (808388,'Nissan','Pathfinder',2009,'Pink',319008,'available','midsize_hybrid','Downtown','Surrey');
insert into vehicle values (124515,'Toyota','Avalon',1997,'Violet',306014,'available','truck_gas','Downtown','Surrey');
insert into vehicle values (472842,'Honda','Fit',2008,'Yellow',102760,'reserved','truck_gas','Downtown','Surrey');
insert into vehicle values (434053,'Nissan','Murano',2004,'Pink',44537,'reserved','truck_gas','Downtown','Surrey');
insert into vehicle values (450010,'Mitsubishi','Galant',2008,'Teal',64635,'reserved','truck_gas','Downtown','Surrey');
insert into vehicle values (920853,'Chevrolet','Express 1500',2001,'Red',117914,'reserved','truck_gas','Downtown','Surrey');
insert into vehicle values (925264,'Dodge','Durango',2008,'Indigo',240436,'reserved','truck_gas','Downtown','Surrey');
insert into vehicle values (621059,'Lexus','LS',1998,'Blue',199684,'reserved','truck_gas','Downtown','Surrey');
insert into vehicle values (123777,'Mercedes-Benz','C-Class',1998,'Teal',338410,'reserved','truck_gas','Downtown','Surrey');
insert into vehicle values (486789,'Chevrolet','Tracker',1999,'Goldenrod',123062,'reserved','truck_gas','Downtown','Surrey');
insert into vehicle values (282168,'Mercedes-Benz','GLK-Class',2011,'Khaki',428339,'reserved','truck_gas','Downtown','Surrey');
insert into vehicle values (513659,'Ram',1500,2012,'Teal',237504,'reserved','truck_gas','Downtown','Surrey');
insert into vehicle values (488704,'Toyota','Land Cruiser',2002,'Maroon',202352,'reserved','truck_gas','Midtown','Surrey');
insert into vehicle values (680604,'Holden','Monaro',2004,'Green',479329,'reserved','truck_gas','Midtown','Surrey');
insert into vehicle values (830239,'Volkswagen','Golf',2002,'Goldenrod',17353,'reserved','truck_gas','Midtown','Surrey');
insert into vehicle values (811450,'Mazda',323,1994,'Orange',71325,'reserved','truck_gas','Midtown','Surrey');
insert into vehicle values (576795,'Land Rover','Freelander',2005,'Violet',474751,'reserved','truck_gas','Midtown','Surrey');
insert into vehicle values (116170,'Ford','Econoline E350',1992,'Blue',186660,'reserved','truck_gas','Midtown','Surrey');
insert into vehicle values (413864,'Buick','Lucerne',2010,'Puce',232548,'reserved','truck_gas','Midtown','Surrey');
insert into vehicle values (767631,'Subaru','Impreza',2005,'Violet',31136,'reserved','truck_gas','Midtown','Surrey');
insert into vehicle values (304189,'Cadillac','DeVille',2005,'Crimson',312775,'reserved','truck_gas','Midtown','Surrey');
insert into vehicle values (892924,'Chevrolet','Express 1500',2007,'Mauv',164618,'reserved','truck_gas','Downtown','Burnaby');
insert into vehicle values (210556,'Lexus','LX',2011,'Crimson',179227,'reserved','truck_gas','Downtown','Burnaby');
insert into vehicle values (366430,'Oldsmobile','Bravada',2001,'Violet',335253,'shop','truck_gas','Downtown','Burnaby');
insert into vehicle values (421942,'Mitsubishi','Starion',1984,'Orange',401285,'shop','truck_gas','Downtown','Burnaby');
insert into vehicle values (104149,'Chevrolet',2500,1999,'Pink',57839,'shop','truck_gas','Downtown','Burnaby');
insert into vehicle values (230222,'Porsche',911,1994,'Orange',424730,'shop','truck_gas','Downtown','Burnaby');
insert into vehicle values (256188,'Pontiac','Grand Prix',1998,'Crimson',196842,'shop','truck_gas','Downtown','Burnaby');
insert into vehicle values (473973,'Nissan','Altima',2011,'Turquoise',58900,'shop','truck_gas','Downtown','Burnaby');
insert into vehicle values (107959,'Toyota','Tacoma Xtra',2004,'Fuscia',126533,'shop','truck_gas','Downtown','Burnaby');
insert into vehicle values (436857,'Dodge','Durango',2001,'Violet',356853,'shop','truck_gas','Downtown','Burnaby');
insert into vehicle values (985360,'Ford','Focus',2012,'Pink',151224,'shop','truck_gas','Downtown','Burnaby');
insert into vehicle values (112305,'Jaguar','XJ',2008,'Purple',283398,'shop','truck_gas','Downtown','Burnaby');
insert into vehicle values (836696,'Dodge','Ram 1500',2001,'Khaki',298838,'shop','truck_gas','Midtown','Burnaby');
insert into vehicle values (779687,'Ford','Taurus',1997,'Goldenrod',27984,'shop','truck_gas','Midtown','Burnaby');
insert into vehicle values (237351,'Pontiac','Montana',1999,'Goldenrod',321917,'shop','truck_gas','Midtown','Burnaby');
insert into vehicle values (158081,'GMC','Savana 2500',2008,'Aquamarine',8940,'shop','truck_gas','Midtown','Burnaby');
insert into vehicle values (135048,'Morgan','Aero 8',2008,'Fuscia',473682,'shop','truck_gas','Midtown','Burnaby');
insert into vehicle values (681614,'Mercedes-Benz','C-Class',2003,'Pink',347660,'shop','truck_gas','Midtown','Burnaby');
insert into vehicle values (230612,'Dodge','Dakota Club',1997,'Turquoise',367265,'shop','truck_gas','Midtown','Burnaby');
insert into vehicle values (802454,'Acura','NSX',1999,'Green',364527,'shop','truck_gas','Midtown','Burnaby');

insert into customer values (6442787,9541328538,'Simonette Oleszkiewicz','7 Hazelcrest Court');
insert into customer values (5151896,9676249844,'Judah Rippen','447 Oakridge Plaza');
insert into customer values (1833068,1784171243,'Ephraim Anthon','806 Oriole Plaza');
insert into customer values (6197856,6348001182,'Gavrielle Belfit','34619 Jackson Plaza');
insert into customer values (7899326,1827915328,'Vanni Audsley','4771 Clyde Gallagher Court');
insert into customer values (6470325,2898683042,'Jeniece Napolione','78 Cottonwood Circle');
insert into customer values (8723446,8518410079,'Gerry Skedgell','1579 Summit Court');
insert into customer values (7136466,3487343955,'Jarred Saintpierre','769 American Park');
insert into customer values (2039818,8195730351,'Cherry Fulks','880 Iowa Way');
insert into customer values (9150653,7753439700,'Johnnie Jerwood','4098 Morning Way');
insert into customer values (8994877,1211420847,'Renado De Brett','835 David Road');
insert into customer values (4801881,4059058071,'Fern Bartalini','73 Ohio Crossing');
insert into customer values (1163399,4783456807,'Renado Fowlds','90 Fallview Plaza');
insert into customer values (2818977,9273666685,'Rivi Tyres','622 Valley Edge Drive');
insert into customer values (5033349,4355470141,'Clem Spino','6 Transport Trail');
insert into customer values (1730786,8646549733,'Clayson Berrigan','9875 Springs Way');
insert into customer values (4952366,5667267557,'Hansiain Stigger','37 Basil Hill');
insert into customer values (4844940,2379241567,'Ibrahim Goding','241 Pond Place');
insert into customer values (9585480,3013434956,'Harris Saller','8774 Norway Maple Hill');
insert into customer values (7315900,7757365180,'Olivette Vakhrushev','5 Paget Park');
insert into customer values (7352072,9594796563,'Tades Zaniolo','0729 Messerschmidt Center');
insert into customer values (1578848,3209080882,'Ilyssa Braz','018 Derek Junction');
insert into customer values (6345177,3421657450,'Hermon Caplen','8936 Wayridge Court');
insert into customer values (4674424,4323338858,'Llewellyn Faro','50813 Menomonie Alley');
insert into customer values (3485049,8611908388,'Avram Rosenthaler','87 Veith Alley');
insert into customer values (8009208,2415899453,'Britte Kas','9 Blackbird Avenue');
insert into customer values (6268564,3856771318,'Cornell Jermy','2823 Artisan Way');
insert into customer values (7896440,6958672178,'Danika Biskupski','510 Grover Trail');
insert into customer values (1756099,9652959722,'Chilton Ridge','587 Service Circle');
insert into customer values (5772223,5946500687,'Philomena Pardy','71419 Dryden Circle');
